<?xml version="1.0" encoding="UTF-8" ?>
<!DOCTYPE mapper
PUBLIC "-//mybatis.org//DTD Mapper 3.0//EN"
"http://mybatis.org/dtd/mybatis-3-mapper.dtd">
<mapper namespace="com.ruoyi.system.mapper.CustomerMapper">
    
    <resultMap type="Customer" id="CustomerResult">
        <result property="id"    column="id"    />
        <result property="name"    column="name"    />
        <result property="phone"    column="phone"    />
        <result property="age"    column="age"    />
    </resultMap>

    <sql id="selectCustomerVo">
        select id, name, phone, age from customer
    </sql>

    <select id="selectCustomerList" parameterType="Customer" resultMap="CustomerResult">
        <include refid="selectCustomerVo"/>
        <where>  
            <if test="name != null  and name != ''"> and name like concat('%', #{name}, '%')</if>
            <if test="phone != null  and phone != ''"> and phone = #{phone}</if>
            <if test="age != null "> and age = #{age}</if>
        </where>
    </select>
    
    <select id="selectCustomerById" parameterType="Long" resultMap="CustomerResult">
        <include refid="selectCustomerVo"/>
        where id = #{id}
    </select>
        
    <insert id="insertCustomer" parameterType="Customer" useGeneratedKeys="true" keyProperty="id">
        insert into customer
        <trim prefix="(" suffix=")" suffixOverrides=",">
            <if test="name != null and name != ''">name,</if>
            <if test="phone != null">phone,</if>
            <if test="age != null">age,</if>
         </trim>
        <trim prefix="values (" suffix=")" suffixOverrides=",">
            <if test="name != null and name != ''">#{name},</if>
            <if test="phone != null">#{phone},</if>
            <if test="age != null">#{age},</if>
         </trim>
    </insert>

    <update id="updateCustomer" parameterType="Customer">
        update customer
        <trim prefix="SET" suffixOverrides=",">
            <if test="name != null and name != ''">name = #{name},</if>
            <if test="phone != null">phone = #{phone},</if>
            <if test="age != null">age = #{age},</if>
        </trim>
        where id = #{id}
    </update>

    <delete id="deleteCustomerById" parameterType="Long">
        delete from customer where id = #{id}
    </delete>

    <delete id="deleteCustomerByIds" parameterType="String">
        delete from customer where id in 
        <foreach item="id" collection="array" open="(" separator="," close=")">
            #{id}
        </foreach>
    </delete>
</mapper>